"0","library(dplyr)"
"2","
Attaching package: â€˜dplyrâ€™

"
"2","The following objects are masked from â€˜package:statsâ€™:

    filter, lag

"
"2","The following objects are masked from â€˜package:baseâ€™:

    intersect, setdiff, setequal, union

"
"0","library(tidyverse)"
"2","â”€â”€ [1mAttaching packages[22m â”€â”€â”€â”€â”€â”€â”€â”€â”€â”€â”€â”€â”€â”€â”€â”€â”€â”€â”€â”€â”€â”€â”€â”€â”€â”€â”€â”€â”€â”€â”€â”€â”€â”€â”€â”€ tidyverse 1.3.2 â”€â”€"
"2","[32mâœ”[39m [34mggplot2[39m 3.3.6     [32mâœ”[39m [34mpurrr  [39m 0.3.4
[32mâœ”[39m [34mtibble [39m 3.1.8     [32mâœ”[39m [34mstringr[39m 1.4.0
[32mâœ”[39m [34mtidyr  [39m 1.2.0     [32mâœ”[39m [34mforcats[39m 0.5.1
[32mâœ”[39m [34mreadr  [39m 2.1.2     "
"2","â”€â”€ [1mConflicts[22m â”€â”€â”€â”€â”€â”€â”€â”€â”€â”€â”€â”€â”€â”€â”€â”€â”€â”€â”€â”€â”€â”€â”€â”€â”€â”€â”€â”€â”€â”€â”€â”€â”€â”€â”€â”€â”€â”€â”€ tidyverse_conflicts() â”€â”€
[31mâœ–[39m [34mdplyr[39m::[32mfilter()[39m masks [34mstats[39m::filter()
[31mâœ–[39m [34mdplyr[39m::[32mlag()[39m    masks [34mstats[39m::lag()"
"0","library(rstatix)"
"2","
Attaching package: â€˜rstatixâ€™

"
"2","The following object is masked from â€˜package:statsâ€™:

    filter

"
